,,,,,Ultraserv Automated Services,,,
,,,,,"16722 Parkside Ave, ",,,
,,,,,"Cerritos, CA, 90703",,,
Product Rank Report,,,,,,,,
,,,,,,,,
Start Date,,End Date,,Report Date,,,,
2025-12-01,,2025-12-31,,12-23-2025 04:09:58 PST,,,,
,,,,,,,,
Rank,Item Description,Item #,Category,Quantity,Quantity(Previous period),Difference,Status,Amount
1,Smart Water 1L,PC10726,Bev Water,6396,10539,-4143,▼,50362.64
2,Smart Water 20oz,PC00888,Bev Water,4146,6792,-2646,▼,22305.12
3,Coke 20oz,PC00885,Bev 20 Oz Bottle,2194,3881,-1687,▼,9476.37
4,Dasani 20oz,PC11157,Bev Water,2161,3919,-1758,▼,10618.2
5,Dr Pepper 20oz,PC10793,Bev 20 Oz Bottle,1608,2682,-1074,▼,7473.21
6,Coke Diet 20oz,PC00886,Bev 20 Oz Bottle,1337,2195,-858,▼,6127.82
7,Crest Tooth Paste and Brush,PC10907,Sundry Items,1184,1944,-760,▼,8520.7
8,Monster Zero Ultra 16oz,PC10811,Bev Energy Drinks,1176,1783,-607,▼,6775.99
9,Sprite 20oz,PC00887,Bev 20 Oz Bottle,1122,2094,-972,▼,5064.36
10,Life Water Premium 1L,AVR14918,Bev Water,1116,1756,-640,▼,9334
11,San Pellegrino Sparkling Mineral Water 16.9oz,PC19076,Bev Water,1104,1854,-750,▼,5181.65
12,Aquafina 20oz,PC14015,Bev Water,1084,1805,-721,▼,5189.1
13,Nestle Tollhouse Chocolate Chip Cookie Sandwich,PC21853,Frozen Ice Cream,1072,1885,-813,▼,6954.71
14,M&M Peanut,PC10984,Candy,1034,1692,-658,▼,3705.55
15,Crystal Geyser 16.9oz,AVR26014,Bev Water,1004,1374,-370,▼,460.23
16,Coke Zero 20oz,PC10790,Bev 20 Oz Bottle,1001,1963,-962,▼,4512.59
17,Fairlife 2% Reduced Fat Ultra-Filtered Milk 14oz,AVR18528,Bev Other,982,1702,-720,▼,5530.9
18,Red Bull 8.4oz,PC10825,Bev Energy Drinks,911,1491,-580,▼,5074.84
19,Kit Kat King,PC10971,Candy,906,1436,-530,▼,4578.02
20,Haagen Dazs Milk Chocolate Almond Ice Cream Bar,AVR00156,Frozen Ice Cream,863,1431,-568,▼,5633.16
21,Snickers Ice Cream Bar,PC11064,Frozen Ice Cream,858,1428,-570,▼,4588.08
22,Snickers,PC00889,Candy,837,1522,-685,▼,2964.94
23,Gatorade Cool Blue 20oz,PC10798,Bev 20 Oz Bottle,823,1363,-540,▼,4690.19
24,Doritos Nacho Cheese,PC10932,Chips,812,1318,-506,▼,2388.56
25,Reeses PB Cup,PC11043,Candy,792,1281,-489,▼,2756.76
26,Nestle Crunch Dibs,PC11010,Frozen Ice Cream,729,1403,-674,▼,6117.87
27,Ares Liquid Detergent HE,PC16533,Laundry,723,1255,-532,▼,2540.25
28,Maruchan Chicken Cup Soup,PC10989,Hot Food,722,1441,-719,▼,2476.21
29,Red Bull Sugar Free 8.4oz,PC10827,Bev Energy Drinks,719,988,-269,▼,4137.26
30,Fiji Water 16.9oz,PC21854,Bev Water,692,1225,-533,▼,4106.35
31,Twix Caramel,PC11091,Candy,685,1300,-615,▼,2417.91
32,Cheetos Crunchy,PC10889,Chips,647,1319,-672,▼,2087.98
33,Cheetos Flamin Hot,PC10891,Chips,615,1111,-496,▼,2002.92
34,Minute Maid Lemonade 20oz,PC10806,Bev 20 Oz Bottle,609,1139,-530,▼,2739.22
35,Red Vines Original 4oz Peg,PC11042,Candy,598,919,-321,▼,3191.68
36,Doritos Cool Ranch,PC10931,Chips,583,938,-355,▼,1674.78
37,Advil,PC10850,Sundry Items,578,907,-329,▼,3365.1
38,Proud Source Alkaline Spring Water 750ml,AVR17376,Bev Water,571,323,248,▲,5103
39,Hersheys Almond King,PC10955,Candy,562,911,-349,▼,2832.62
40,Monster 16oz,PC10808,Bev Energy Drinks,560,970,-410,▼,2761.87
41,Tylenol Extra Strength,PC11092,Sundry Items,522,841,-319,▼,2996.2
42,Cheetos Flamin Hot Limon,PC10892,Chips,521,858,-337,▼,1650.87
43,Coke Zero 12oz,PC14007,Bev 12 Oz Can,509,781,-272,▼,303.81
44,Hot Pocket Pepperoni Pizza,PC10959,Frozen Food,508,934,-426,▼,1747.54
45,SnakClub Energizer Trail Mix Premium,PC10941,Nuts,498,770,-272,▼,3350.03
46,Dr Pepper Zero 20oz,AVR14655,Bev 20 Oz Bottle,496,757,-261,▼,2479.5
47,Gatorlyte Zero Strawberry Kiwi 20 oz,AVR17700,Bev 20 Oz Bottle,491,953,-462,▼,3249.89
48,Coke 12oz,PC14008,Bev 12 Oz Can,483,770,-287,▼,300.97
49,Knotts Strawberry Cookie,PC10972,Cookies & Crackers,475,833,-358,▼,1673.29
50,Munchies Flamin Hot,PC11004,Chips,475,822,-347,▼,1297.44
51,Red Bull Red Watermelon 8.4oz,AVR17246,Bev Energy Drinks,471,748,-277,▼,2467.69
52,Gatorade Fruit Punch 20oz,PC16271,Bev 20 Oz Bottle,462,826,-364,▼,2581.65
53,Minute Maid Apple Juice 12oz,PC10805,Bev Juice,451,755,-304,▼,2190.43
54,Lays Regular Classic,PC10978,Chips,439,721,-282,▼,1614.98
55,DayQuil,PC10909,Sundry Items,435,527,-92,▼,2559.65
56,Albanese Gummi Bears 12 Flavor - 3.5oz,PC10851,Candy,423,680,-257,▼,2208.46
57,Smartfood White Cheddar Popcorn,PC11063,Chips,418,718,-300,▼,1536.58
58,Fairlife Chocolate Milk 14oz,AVR18526,Bev Other,412,698,-286,▼,2350.81
59,Skittles Fruit,PC11061,Candy,398,712,-314,▼,1556.65
60,Twix Ice Cream Bar 3oz,AVR23097,Frozen Ice Cream,397,680,-283,▼,2183.18
61,Kellogs Pop Tarts Strawberry,PC11035,Snack,394,625,-231,▼,1347.26
62,Core Power High Protein Shake Chocolate 14oz,AVR18758,Bev Other,391,716,-325,▼,2645.82
63,Minute Maid Orange Juice 12oz,PC10807,Bev Juice,390,632,-242,▼,1876.7
64,Life Water Premium 20oz,PC10725,Bev Water,388,626,-238,▼,2246.9
65,Celsius Sparkling Watermelon 12oz,PC10789,Bev Other,379,583,-204,▼,2029.36
66,Nongshim Spicy Shin Noodle Soup,PC11015,Hot Food,374,864,-490,▼,1870.49
67,Sour Patch Kids Watermelon,AVR14634,Candy,373,667,-294,▼,1498.6
68,Nongshim Mild Chicken Noodle Soup,PC11013,Hot Food,370,737,-367,▼,1798.98
69,Cheez-It,PC10894,Snack,368,646,-278,▼,1022.64
70,Otis Muffin Chocolate Chip,PC11025,Pastry,361,516,-155,▼,1227.8
71,Dole Apple Juice,PC14013,Bev Juice,358,638,-280,▼,1686
72,Sweet Serenity Chocolate Chip Cookies,PC11081,Cookies & Crackers,357,684,-327,▼,1150.69
73,Gatorade Zero Glacier Freeze 20oz,PC14016,Bev 20 Oz Bottle,351,638,-287,▼,2095.73
74,Pringles Sour Cream & Onion,PC11039,Chips,347,626,-279,▼,1341.73
75,Milk Shamrock Lowfat 7oz,PC10997,Bev Other,341,625,-284,▼,1118.23
76,Pepsi 20oz,PC10821,Bev 20 Oz Bottle,338,581,-243,▼,1651.5
77,Pringles Original,PC11038,Chips,337,564,-227,▼,1220.32
78,Celsius Sparkling Orange 12oz,PC10788,Bev Other,336,434,-98,▼,1696.21
79,Starbucks Mocha Frappuccino RTD 9.5oz,PC10831,Bev Coffee & Tea,329,540,-211,▼,1880.05
80,El Monterey Beef and Bean Burrito,PC10938,Frozen Food,324,523,-199,▼,1097.65
81,Welchs Mixed Fruit Snack 2.25oz,PC11101,Candy,322,534,-212,▼,1200.47
82,Powerade Mountain Berry Blast 20oz,PC10823,Bev 20 Oz Bottle,311,580,-269,▼,1717.55
83,Nature's Bakery Fig Bar Blueberry,AVR16059,Healthy Bars,307,507,-200,▼,1188.13
84,Rice Krispies Treats Original 1.41oz,PC11045,Snack,307,523,-216,▼,1113.98
85,Pepsi Diet 20 oz,PC11156,Bev 20 Oz Bottle,303,532,-229,▼,1577.35
86,Celsius Sparkling Wild Berry 12oz,AVR19421,Bev Other,299,462,-163,▼,1518.55
87,Otis Muffin Wild Blueberry,PC11026,Pastry,298,394,-96,▼,1036.56
88,Razor,PC10943,Sundry Items,290,444,-154,▼,1680.5
89,Smartfood White Cheddar 1.75oz,AVR00140,Chips,286,455,-169,▼,1732.95
90,Cheetos Puffs,PC10893,Chips,276,514,-238,▼,1058.65
91,Otis Muffin Banana Nut,PC11024,Pastry,276,492,-216,▼,914.1
92,Bounce Fabric Softner,PC16535,Laundry,275,449,-174,▼,961.25
93,Haagen Dazs Chocolate Ice Cream 14oz,AVR17709,Frozen Ice Cream,264,423,-159,▼,3492.75
94,Sour Patch Kids,PC11068,Candy,262,431,-169,▼,963.04
95,Gatorade Lemon Lime 20oz,PC16274,Bev 20 Oz Bottle,254,384,-130,▼,1456.9
96,Pepto Bismol,PC11028,Sundry Items,253,416,-163,▼,1485.44
97,Rold Gold Pretzels Thins Original 3.5oz,AVR00141,Chips,247,365,-118,▼,1513.3
98,Starbucks Vanilla Frapuccino RTD 9.5oz,PC10832,Bev Coffee & Tea,244,396,-152,▼,1403.28
99,Hillshire Genoa Salame,AVR14642,Fresh,240,362,-122,▼,1530.91
100,M&M Plain,PC10986,Candy,238,376,-138,▼,948.11
101,Life Saver Gummies 5 Flavor Peg 7oz,PC16483,Candy,237,429,-192,▼,1293.61
102,Hillshire Italian Dry Salame,AVR14641,Fresh,236,328,-92,▼,1524.69
103,Powerade Fruit Punch 20oz,PC10822,Bev 20 Oz Bottle,236,407,-171,▼,1241.45
104,Cheetos Flamin Hot 2.75oz,AVR00144,Chips,231,377,-146,▼,1369.37
105,Blue Diamond Almonds Smokehouse,PC10874,Nuts,227,365,-138,▼,787.93
106,Dole Orange Juice,PC16264,Bev Juice,226,428,-202,▼,1077.68
107,Digiorno Pepperoni Cheese Pizza,PC21186,Frozen Food,223,460,-237,▼,2450.25
108,Skittles Sour,PC11062,Candy,222,389,-167,▼,888.78
109,Dr Pepper 12oz,PC14011,Bev 12 Oz Can,218,283,-65,▼,277.51
110,Cheetos Crunchy 2.75oz,AVR00601,Chips,209,376,-167,▼,1246.34
111,Hot Pocket Ham & Cheese,PC10958,Frozen Food,209,383,-174,▼,771
112,Core Power High Protein Shake Vanilla 14oz,AVR18525,Bev Other,203,318,-115,▼,1351.6
113,NyQuil,PC11020,Sundry Items,203,246,-43,▼,1200.75
114,Dolly Madison Chocolate Cupcakes,PC10925,Pastry,197,349,-152,▼,593.35
115,Nongshim Hot and Spicy Noodle Soup,PC11011,Hot Food,195,387,-192,▼,918.85
116,Pepsi Zero Sugar 20oz,AVR19999,Bev 20 Oz Bottle,191,323,-132,▼,1035.95
117,Cereal Froot Loops,PC10884,Cereal,190,387,-197,▼,821.95
118,Jack Links Teriyaki Beef Jerky 70 Cal,PC10962,Snack,188,334,-146,▼,875.59
119,Cereal Lucky Charms,AVR15436,Cereal,187,321,-134,▼,871.5
120,El Monterey Bean and Cheese Burrito,PC10937,Frozen Food,187,332,-145,▼,676.65
121,Nature's Bakery Fig Bar Strawberry,AVR16058,Healthy Bars,187,293,-106,▼,639.97
122,Doritos Nacho Cheese 2.5oz,AVR00147,Chips,184,335,-151,▼,1107.75
123,Vita Coco Pure Coconut Water 500ml,AVR19420,Bev Other,181,203,-22,▼,1010.97
124,Maruchan Lime Chili Chicken Cup Soup,PC10990,Hot Food,178,410,-232,▼,614.57
125,Coke Diet 12oz,PC16246,Bev 12 Oz Can,176,228,-52,▼,128.76
126,Tums Ultra Berry,PC21863,Sundry Items,175,313,-138,▼,1007.9
127,FR SLB Triangle Turkey Wheat,AVR26226,Fresh Food,174,261,-87,▼,1226.49
128,El Monterey Egg Sausage Cheese & Potato Burrito,PC16506,Frozen Food,173,297,-124,▼,586.38
129,Lays Original 2.25oz,AVR00145,Chips,171,308,-137,▼,1032.25
130,Grandmas Chocolate Chip Cookie,PC10946,Cookies & Crackers,170,347,-177,▼,620.89
131,Sprite 12oz,PC16249,Bev 12 Oz Can,169,206,-37,▼,125.8
132,Aquafina Aluminum Bottle 16oz,AVR20530,Bev Water,168,276,-108,▼,1129
133,Scope Mouthwash,PC11054,Sundry Items,166,214,-48,▼,1174.5
134,RXBAR Protein Blueberry,AVR15125,Healthy Bars,165,256,-91,▼,821.63
135,String Cheese Frigo,PC10765,Fresh,165,253,-88,▼,205.44
136,Fanta Orange 20oz,PC10796,Bev 20 Oz Bottle,164,322,-158,▼,762.15
137,Dunkin Donuts French Vanilla 13.7 oz,PC11162,Bev Coffee & Tea,163,244,-81,▼,1001.09
138,Powerade Zero Mixed Berry 20oz,PC10824,Bev 20 Oz Bottle,162,238,-76,▼,897.25
139,Cliff Bar Chocolate Chip,PC10899,Healthy Bars,162,296,-134,▼,754.85
140,Boulder Hickory BBQ Chips,PC10876,Chips,162,266,-104,▼,551.58
141,Chex Mix,PC10895,Snack,160,250,-90,▼,469.13
142,Jack Links Original,PC10961,Snack,157,270,-113,▼,713.93
143,Takis Fuego,PC11084,Chips,155,292,-137,▼,508.01
144,Canada Dry Ginger Ale 12oz,PC14010,Bev 12 Oz Can,154,152,2,▲,182.89
145,Proud Source Alkaline Spring Water 16Oz,AVR17375,Bev Water,151,68,83,▲,944.72
146,Easy Mac Original Cups,PC10936,Hot Food,151,299,-148,▼,791.05
147,Butterfinger,PC10882,Candy,151,258,-107,▼,610.5
148,Cereal Cinnamon Toast Crunch,AVR15434,Cereal,149,293,-144,▼,694.25
149,Doritos Cool Ranch 2.5oz,AVR00148,Chips,148,254,-106,▼,884.95
150,Peace Tea Razzleberry 16oz,AVR25513,Bev Coffee & Tea,147,241,-94,▼,581.69
151,Old Spice Deodorant,PC11021,Sundry Items,146,280,-134,▼,1067.4
152,Chapstick,PC10888,Sundry Items,145,193,-48,▼,835.15
153,Lays Limon 1.5oz,AVR20335,Chips,145,246,-101,▼,416.94
154,SunChips Garden Salsa 2.375oz,AVR19510,Chips,143,233,-90,▼,869.37
155,Clear Eyes Solution 0.2oz,PC10897,Sundry Items,141,205,-64,▼,1007.5
156,Dolly Madison Golden Cream Cake,PC16523,Pastry,141,201,-60,▼,421.34
157,Maruchan Lime Chili Shrimp Cup Soup,PC10991,Hot Food,140,286,-146,▼,450.02
158,Peace Tea Georgia Peach 16oz,AVR25512,Bev Coffee & Tea,136,250,-114,▼,529.19
159,FR Parfait Mixed Berry,AVR26234,Fresh Food,135,214,-79,▼,1011.67
160,Starbucks Caramel Frappuccino RTD 9.5oz,PC21202,Bev Coffee & Tea,135,263,-128,▼,784.44
161,Anker Power Port 32W Wall Charger,AVR19517,Electronics,134,201,-67,▼,2914.39
162,Powerade Lemon Lime 20oz,PC21237,Bev 20 Oz Bottle,134,277,-143,▼,728.5
163,HK Anderson PB Pretzel Nuggets 2.5oz,AVR06055,Snack,133,209,-76,▼,552.9
164,Cheez-It White Cheddar 1.5oz,PC14364,Snack,132,195,-63,▼,321.93
165,Nongshim Spicy Shrimp Noodle Soup,PC11016,Hot Food,131,192,-61,▼,564.35
166,Digiorno Four Cheese Pizza,PC14014,Frozen Food,127,195,-68,▼,1419.12
167,Maruchan Ramen Bowl Soup Hot & Spicy,PC10988,Hot Food,126,288,-162,▼,594.81
168,FR SLB Triangle Ham Wheat,AVR26227,Fresh Food,125,227,-102,▼,988.61
169,Lays BBQ 2.25oz,AVR00146,Chips,125,184,-59,▼,755.05
170,Tresemme Non Aerosol Hairspray,PC11087,Sundry Items,124,176,-52,▼,921
171,SunChips Harvest Cheddar 2.375oz,AVR19511,Chips,124,225,-101,▼,776.65
172,Chester's Fries Flamin Hot,AVR08848,Chips,124,239,-115,▼,331.9
173,FR Snack Double & Cheese Cup,AVR26211,Fresh Food,123,194,-71,▼,783.53
174,Kettle Sea Salt Chips 2.0oz,AVR19465,Chips,121,177,-56,▼,671.65
175,Cereal Honey Nut Cheerios,PC10886,Cereal,121,197,-76,▼,554.7
176,Stouffers Lasagna with Meat Sauce,PC11074,Frozen Food,119,199,-80,▼,1249.91
177,Cliff Bar Peanut Butter,PC10900,Healthy Bars,118,196,-78,▼,543.08
178,Secret Outlast Deodorant,AVR16128,Sundry Items,114,186,-72,▼,816.3
179,Ruffles Regular,PC14365,Chips,114,181,-67,▼,137.07
180,Benadryl,PC10866,Sundry Items,113,244,-131,▼,651
181,Boulder Malt Vinegar & Sea Salt Chips,PC10877,Chips,112,165,-53,▼,334.32
182,Pepperidge Farms Milano Cookies 1.5oz,AVR19408,Cookies & Crackers,110,241,-131,▼,575.99
183,Trident Spearmint,PC11088,Candy Gum & Mints,110,204,-94,▼,482.49
184,Wonderful Pistachios No Shell 2.5oz,AVR19414,Nuts,107,201,-94,▼,731.44
185,FR SLB Triangle Tuna Salad Wheat,AVR26229,Fresh Food,107,177,-70,▼,713.58
186,Mountain Dew 20oz,PC10812,Bev 20 Oz Bottle,105,208,-103,▼,524.65
187,Chobani Strawberry,PC10733,Fresh,105,146,-41,▼,347.49
188,Kettle Krinkle Cut Salt & Pepper Chips 2.0oz,AVR19467,Chips,103,123,-20,▼,503.47
189,Sanders Mini Dark Chocolate Sea Salt Caramels 3.75oz,AVR19407,Candy,102,177,-75,▼,891.9
190,FR SLB Multigrain Turkey & Bacon Club,AVR26220,Fresh Food,101,221,-120,▼,930.13
191,Sahale Cashews Pomegranite With Vanilla,PC11050,Nuts,101,101,0,-,365.91
192,Nature Valley Granola Oat & Honey,PC11007,Healthy Bars,99,167,-68,▼,273.81
193,Ruffles Baked Cheddar & Sour Cream,PC11048,Chips,99,130,-31,▼,133.3
194,Cactus Cooler 12oz,PC14009,Bev 12 Oz Can,99,147,-48,▼,72.17
195,Big Texas Cinnamon Roll,PC16522,Pastry,97,119,-22,▼,270.97
196,Lays Chile Lemon 2.25oz,AVR20474,Chips,95,186,-91,▼,582.2
197,Lunchables Turkey & Cheddar,PC10762,Fresh,95,163,-68,▼,364.6
198,Maruchan Shrimp Cup Soup,PC16521,Hot Food,95,149,-54,▼,310.57
199,Gillette Shaving Cream,PC10944,Sundry Items,94,174,-80,▼,670
200,Starry 20oz,AVR17147,Bev 20 Oz Bottle,94,119,-25,▼,464.5
201,Rxbar Protein Honey Cinnamon Peanut Butter,AVR22118,Healthy Bars,94,170,-76,▼,413.61
202,Dove Milk Chocolate Almond Bar,PC10934,Frozen Ice Cream,92,164,-72,▼,555.39
203,Tampax Regular,AVR18805,Sundry Items,91,152,-61,▼,1042.75
204,Stouffers Mac and Cheese,PC11073,Frozen Food,91,186,-95,▼,952.09
205,Muscle Milk Chocolate 14oz,AVR27451,Bev Other,88,142,-54,▼,668.74
206,Dunkin Donuts Mocha 13.7oz,PC11163,Bev Coffee & Tea,88,136,-48,▼,550
207,SS Energy Bites,AVR28666,Fresh Food,87,39,48,▲,453.91
208,Bumble Bee Tuna Mayo & Crackers 3.5oz,PC10881,Snack,86,125,-39,▼,432.21
209,Anker USB-C to USB-C 10ft Cable,AVR19515,Electronics,85,153,-68,▼,2267.37
210,Kettle Jalapeno Chips 2.0oz,AVR19466,Chips,85,123,-38,▼,368.23
211,FR SLB Triangle Club Wheat,PC10751,Fresh Food,84,132,-48,▼,558.12
212,Pure Leaf Sweet Tea - 18.5oz,PC21222,Bev Coffee & Tea,84,152,-68,▼,450.35
213,Mountain Diet Dew 20oz,AVR09658,Bev 20 Oz Bottle,83,175,-92,▼,455.25
214,Boom Chicka Popcorn Sweet & Salty 1oz,AVR19409,Snack,82,122,-40,▼,364.3
215,Chobani Blueberry,PC10730,Fresh,82,96,-14,▼,292.98
216,FR SLB Triangle Egg Salad Wheat,AVR26230,Fresh Food,81,157,-76,▼,514.41
217,Blue Diamond Almonds Whole Natural,PC10875,Nuts,81,117,-36,▼,305.82
218,Dramamine Motion Sickness Chewable,AVR18857,Sundry Items,80,129,-49,▼,472.25
219,Schweppe's Ginger Ale 20oz,AVR00149,Bev 20 Oz Bottle,80,177,-97,▼,429.4
220,FR SLB Croissant Ham,AVR26217,Fresh Food,78,164,-86,▼,739.34
221,Monster Low Carb 16oz,PC10809,Bev Energy Drinks,78,111,-33,▼,167.08
222,Amys Enchilada Cheese,PC16501,Frozen Food,77,101,-24,▼,819.45
223,Band Aid Bandage Travel,PC10859,Sundry Items,77,128,-51,▼,469.25
224,Trolli Sour Brite Very Berry 5oz,AVR24779,Candy,76,132,-56,▼,431.15
225,Milk Shamrock Whole White 12oz,AVR22599,Bev Other,76,146,-70,▼,386
226,Bare Baked Crunchy Cinnamon Apple Chips,AVR15123,Snack,74,89,-15,▼,410.13
227,FR SLB Triangle PBJ White,AVR26232,Fresh Food,74,144,-70,▼,289.88
228,SS Kings Hawaiian Pretzel Bun Trio,AVR27438,Fresh Food,73,45,28,▲,1000.48
229,FR ESL Buffalo Chicken Pinwheels 10.05oz,AVR26212,Fresh Food,72,121,-49,▼,710.68
230,Boulder Jalapeno Cheddar Chips,PC16236,Chips,71,104,-33,▼,238.1
231,Snapple Zero Sugar Peach Tea 16oz,AVR18728,Bev Other,70,103,-33,▼,82.77
232,7UP Zero Sugar Lemon Lime 12oz,AVR15563,Bev 12 Oz Can,70,107,-37,▼,45.47
233,Nerds Gummy Clusters Rainbow 5oz,AVR25676,Candy,69,102,-33,▼,385.65
234,Anker USB-C to Lightning 6ft Cable,AVR19716,Electronics,68,128,-60,▼,1799.33
235,Dentek Flossers,AVR17394,Sundry Items,68,116,-48,▼,394.75
236,Cliff Bar White Chocolate Macadamia,PC10901,Healthy Bars,67,120,-53,▼,308.64
237,Cotton Swabs,PC10906,Sundry Items,66,83,-17,▼,381.75
238,Dole Lemonade 20oz,AVR20000,Bev 20 Oz Bottle,66,117,-51,▼,345.65
239,Nail Clippers,PC11005,Sundry Items,65,120,-55,▼,384.25
240,Otis Chocolate Chunk Cookie,PC11023,Cookies & Crackers,65,98,-33,▼,78.2
241,Minute Maid Pink Lemonade 20oz,AVR06020,Bev 20 Oz Bottle,63,141,-78,▼,290.1
242,Nature Valley Granola Peanut Butter,PC11008,Healthy Bars,63,93,-30,▼,156.39
243,Claritin,PC10896,Sundry Items,62,101,-39,▼,452.75
244,Sheila G's Brittle Salted Caramel Brownie 2.75oz,AVR19406,Snack,62,145,-83,▼,438.65
245,Fairlife Strawberry Milk 14oz,AVR18527,Bev Other,62,113,-51,▼,360.55
246,Muscle Milk Vanilla 14oz,AVR27452,Bev Other,61,116,-55,▼,472.44
247,Cereal Frosted Flakes,PC10885,Cereal,61,97,-36,▼,220.41
248,El Monterey Jalapeno Egg Cheese Burrito,PC10939,Frozen Food,61,114,-53,▼,200.99
249,Brisk 12oz,PC16248,Bev 12 Oz Can,61,72,-11,▼,45.1
250,Burt's Bees Cucumber & Mint Facial Towelettes,AVR20024,Sundry Items,60,86,-26,▼,518.4
251,Banana Boat Sport Sunscreen,PC11078,Sundry Items,60,92,-32,▼,448.75
252,Trader Joe's 1,AVR10757,Trader Joe's,60,79,-19,▼,359.4
253,Jack Links Peppered Beef Jerky 80 cal.,PC16529,Snack,60,83,-23,▼,288.73
254,Grandmas Peanut Butter Cookie,PC10947,Cookies & Crackers,58,80,-22,▼,221.03
255,Manzanita Sol Apple 12oz,AVR22954,Bev 12 Oz Can,58,80,-22,▼,44.71
256,Dr Pepper Diet 12oz,PC16250,Bev 12 Oz Can,57,55,2,▲,118.75
257,Oi Ocha Green Tea Unsweetened,PC10813,Bev Coffee & Tea,55,109,-54,▼,324.17
258,Pepe's Chicharrones Pork Rinds,PC16492,Chips,55,87,-32,▼,43.67
259,Jarritos Gummies 8oz,AVR25675,Candy,54,84,-30,▼,350.5
260,Wonderful Pistachios 100Cal Sweet Chili 1.25oz,AVR19413,Nuts,53,66,-13,▼,217.72
261,Brookside Dark Chocolate Acai & Blueberry 7oz,AVR21356,Candy,52,65,-13,▼,486.35
262,Alka Seltzer,PC10852,Sundry Items,52,102,-50,▼,297.6
263,Dove Vanilla Dark Chocolate Bar,PC10935,Frozen Ice Cream,51,74,-23,▼,301.74
264,5 Gum Peppermint Cobalt,PC10848,Candy Gum & Mints,51,59,-8,▼,115.3
265,Path Water WLB 20.3oz,AVR21371,Bev Water,49,59,-10,▼,465.5
266,Pocky Strawberry Sticks 2.47oz,AVR23602,Candy,49,113,-64,▼,261
267,Vitamin Water XXX 20oz,PC10833,Bev Water,49,96,-47,▼,205.07
268,Monster Mango 16oz,PC16475,Bev Energy Drinks,49,35,14,▲,175.93
269,FR SLB Salad Chicken Caesar,AVR26222,Fresh Food,47,59,-12,▼,505.01
270,FR Fruit Mixed,AVR26240,Fresh Food,47,87,-40,▼,327.45
271,Hershey Cookies & Cream Snack Mix 4oz,AVR25678,Snack,47,84,-37,▼,281.2
272,Miss Vickies Sea Salt & Vinegar XVL 1.875oz,AVR25913,Chips,47,70,-23,▼,271.08
273,Pepsi 16oz Can,AVR21365,Bev Other,47,64,-17,▼,267
274,Reeses Pieces Peanut Butter Cups,PC16485,Candy,47,67,-20,▼,183.66
275,Altoids Peppermint Mints,PC10856,Candy Gum & Mints,46,76,-30,▼,260.8
276,Dole Mandarin Oranges,PC10923,Snack,46,66,-20,▼,202.25
277,Belvita Biscuit Blueberry,PC14363,Snack,46,60,-14,▼,148.51
278,Gatorade Lemon Lime 11.6oz Cans,AVR23584,Bev Other,45,31,14,▲,264
279,Crush Orange 20oz,PC16273,Bev 20 Oz Bottle,44,85,-41,▼,234.4
280,Lunchables Ham & Cheddar,PC10761,Fresh,44,98,-54,▼,189.49
281,Sahale Honey Almonds,PC11051,Nuts,44,75,-31,▼,158.58
282,Chobani Peach,PC10732,Fresh,44,63,-19,▼,118.6
283,Orchard Valley Almonds Dark Chocolate,AVR11112,Nuts,43,87,-44,▼,275.73
284,Motrin,PC11002,Sundry Items,42,64,-22,▼,271.62
285,Baskin Robbins Cookies N Cream Pint,PC16510,Frozen Ice Cream,41,127,-86,▼,426.51
286,Gushers Fruit Tropical 4.25oz,AVR24780,Candy,41,74,-33,▼,257.25
287,5 Gum Spearmint Rain,PC16065,Candy Gum & Mints,41,74,-33,▼,64.9
288,Beer Bud Light Aluminum Can 16oz,AVR24555,Bev Beer & Wine,40,46,-6,▼,347.72
289,Orchard Valley Cranberry Almond Cashew,AVR11110,Nuts,40,51,-11,▼,250.97
290,Bumble Bee Chicken Salad & Crackers 3.5oz,PC10880,Snack,40,81,-41,▼,216.22
291,SS Hummus & Friends Snack Box,AVR28084,Fresh Food,38,72,-34,▼,382.22
292,FR SLB Sub Turkey & Cheese,AVR26225,Fresh Food,38,80,-42,▼,291
293,Boulder Avocado Oil Kettle Chips,AVR20336,Chips,38,75,-37,▼,152.55
294,Starbucks Vanilla Sweet Cream Nitro CB 9.6oz Cans,AVR23586,Bev Coffee & Tea,37,49,-12,▼,259
295,Miss Vickies Sea Salt XVL 1.875oz,AVR25914,Chips,37,61,-24,▼,234
296,Dunkin Donuts Original 13.7oz,PC10795,Bev Coffee & Tea,37,69,-32,▼,222.65
297,Kind Cranberry Almond & Antiox,PC10968,Healthy Bars,37,78,-41,▼,174.75
298,Fritos Original Corn Chips,PC16263,Chips,37,48,-11,▼,50.43
299,Sheila G's Brittle Chocolate Chip Brownie 2.75oz,AVR19464,Snack,36,49,-13,▼,270.75
300,Combos Cream Filled Cheddar Cheese 6.3oz,AVR25677,Snack,36,29,7,▲,211.88
301,Troop Rum Mojito 200ml,AVR26023,Bev Beer & Wine,36,30,6,▲,171
302,Kars Peanut Almond Cashew Mix,PC10964,Nuts,33,29,4,▲,101.99
303,FTY Double Cheeseburger 5oz,AVR26244,Fresh Food,33,24,9,▲,80.97
304,Baskin Robbins Rocky Road,PC10861,Frozen Ice Cream,32,62,-30,▼,318.21
305,SS Oreo Delight Dessert,AVR27445,Fresh Food,32,69,-37,▼,230.3
306,SnakClub Almonds Raw Premium Pack,PC10855,Nuts,32,51,-19,▼,220.73
307,Squirt 12oz,AVR15564,Bev 12 Oz Can,32,61,-29,▼,26.3
308,Ocean Spray Cranberry Juice,PC10816,Bev Juice,31,74,-43,▼,171.49
309,FR Breakfast Muffin Sausage & Egg,AVR27339,Fresh Food,31,43,-12,▼,109.71
310,5 HR Energy 1.93oz,PC16473,Bev Energy Drinks,31,39,-8,▼,63.69
311,SS Better Bites Bistro Box,AVR26250,Fresh Food,30,55,-25,▼,240.71
312,Pepsi Diet 12oz Sleek Cans,AVR23588,Bev 12 Oz Can,30,7,23,▲,190
313,Bubbly Lime 16oz Cans,AVR23581,Bev Other,30,54,-24,▼,189.4
314,FR Burrito Beef,AVR26239,Fresh Food,30,38,-8,▼,164.94
315,Kind Fruit and Nut Delight,PC10969,Healthy Bars,30,54,-24,▼,143.85
316,Lenny and Larry Snickerdoodle Cookie,PC16496,Cookies & Crackers,30,36,-6,▼,141.72
317,FR SLB Pasta Salad Mike's Tuna Mac Small,PC10744,Fresh Food,29,60,-31,▼,339.3
318,Bubbly Blackcherry 16oz Cans,AVR27258,Bev Other,29,33,-4,▼,193.5
319,Midol,PC10994,Sundry Items,29,32,-3,▼,176.75
320,Nutella & Go with Breadsticks 1.8oz,AVR24440,Snack,29,38,-9,▼,167.5
321,Magic Spoon Marshmallow Treat 1.4oz,AVR24781,Snack,29,21,8,▲,127.4
322,SS Fruit & Cheese Bistro Box,AVR26249,Fresh Food,28,49,-21,▼,335.77
323,Quaker Oatmeal Maple & Brown,PC11040,Cereal,28,35,-7,▼,123.35
324,Crush Orange 12oz,PC16458,Bev 12 Oz Can,28,21,7,▲,17.38
325,Tonys Chocolonely Milk Chocolate Bar 6.35oz,AVR20432,Candy,27,48,-21,▼,353.25
326,Pepsi Zero Sugar 12oz,AVR22950,Bev 12 Oz Can,27,43,-16,▼,168
327,Dr Pepper Diet 20oz,PC10794,Bev 20 Oz Bottle,27,31,-4,▼,114.75
328,OREO Mini Bite Size,PC11022,Cookies & Crackers,27,51,-24,▼,107.25
329,Mountain Dew 12oz,PC16462,Bev 12 Oz Can,26,20,6,▲,13.61
330,SS House Made Chicken Salad on Croissant Sandwich,AVR27449,Fresh Food,25,57,-32,▼,346.11
331,Gatorade Fruit Punch 11.6oz Cans,AVR23582,Bev Other,25,36,-11,▼,148
332,Gatorade Orange 11.6oz Cans,AVR23583,Bev Other,25,13,12,▲,146
333,Lenny and Larry Double Chocolate Chip Cookie,PC16495,Cookies & Crackers,25,24,1,▲,132.57
334,Dole Mixed Fruit,PC10924,Snack,25,30,-5,▼,109.29
335,SS House Made Chicken Pesto on Ciabatta Sandwich,AVR26246,Fresh Food,24,31,-7,▼,328.2
336,Beer Kona Big Wave Liquid Aloha 16oz Can,AVR25829,Bev Beer & Wine,24,78,-54,▼,263.76
337,Beer Modelo Especial 16oz Can,AVR23054,Bev Beer & Wine,24,22,2,▲,215.76
338,Pocari Sweat Electrolyte Drink 16.9oz,AVR27614,Bev Other,24,45,-21,▼,162
339,Pepsi 12oz,PC16463,Bev 12 Oz Can,24,26,-2,▼,23.2
340,SS Pineapple & Tajin,AVR27343,Fresh Food,23,38,-15,▼,231.46
341,Tates Bake Shop Cookie 3.5oz,AVR27766,Cookies & Crackers,23,17,6,▲,179
342,Rockstar,AVR16884,Bev Energy Drinks,23,19,4,▲,124.25
343,Fiber One Chew Oats,PC14367,Healthy Bars,23,11,12,▲,85.33
344,La Croix Sparkling Grapefruit,PC10804,Bev 12 Oz Can,23,39,-16,▼,9.43
345,Coke Cherry 12oz,PC16247,Bev 12 Oz Can,23,30,-7,▼,9.43
346,FR SLB EL Cubano 8oz,AVR26219,Fresh Food,22,51,-29,▼,221.9
347,La Croix Sparkling Cran Raspberry,PC10803,Bev 12 Oz Can,22,47,-25,▼,9.02
348,Solely Fruit Jerky Pineapple Organic 0.8oz,AVR19412,Snack,21,26,-5,▼,120
349,Brisk 20oz,PC16275,Bev 20 Oz Bottle,21,38,-17,▼,114.5
350,FR Burrito Breakfast Egg & Sausage,AVR26238,Fresh Food,20,37,-17,▼,128.89
351,Nutter Butter Cookie Bites 3oz,AVR25916,Cookies & Crackers,20,31,-11,▼,103.87
352,Smart Water Aluminum Bottle 18oz,AVR19525,Bev Water,19,44,-25,▼,182.75
353,FR Onion Roll Pastrami Reuben,AVR26241,Fresh Food,19,30,-11,▼,178.61
354,Starbucks Cold Brew Salted Caramel 11oz Can,AVR22955,Bev Coffee & Tea,19,20,-1,▼,126.5
355,Popcornopolis Zebra Popcorn 3oz,AVR22623,Snack,19,32,-13,▼,115.75
356,Troop Vodka Lemonade 200ml,AVR23420,Bev Beer & Wine,19,35,-16,▼,90.25
357,Big Az Cheeseburger Charbroiled,PC10870,Frozen Food,18,19,-1,▼,113.48
358,Pert 2 in 1 Shampoo & Conditioner,AVR19286,Sundry Items,17,33,-16,▼,120
359,Comb,PC10904,Sundry Items,17,27,-10,▼,102.5
360,Beer Kona Big Wave Liquid Aloha Can 12oz,AVR23974,Bev Beer & Wine,17,28,-11,▼,102
361,Beer Stella Artois Can 12oz,AVR16661,Bev Beer & Wine,17,39,-22,▼,95.12
362,Starry 16oz Can,AVR21367,Bev Other,17,22,-5,▼,88
363,Cheetos Crunchy Jalapeno Cheddar Chips,PC10890,Chips,17,29,-12,▼,12.71
364,White Claw Mango Hard Seltzer 12oz Can,AVR23055,Bev Beer & Wine,16,35,-19,▼,127.84
365,Beer Budweiser Bottle 12oz,AVR23798,Bev Beer & Wine,16,15,1,▲,74.24
366,Kars Roasted Salted Peanut,PC10965,Nuts,16,34,-18,▼,41.34
367,Knotts Raspberry Cookie,PC16494,Cookies & Crackers,16,22,-6,▼,25.42
368,Beer Elysian Space Dust IPA Bottle 12oz,AVR23800,Bev Beer & Wine,15,10,5,▲,83.55
369,Quaker Oatmeal Apple & Cinnamon,PC19049,Cereal,15,24,-9,▼,71
370,FR Breakfast Bagel & Cream Cheese,AVR26237,Fresh Food,15,22,-7,▼,35.97
371,Nutri Grain Blueberry,PC11018,Healthy Bars,15,24,-9,▼,27.55
372,Nemos Banana Square Cake,PC16524,Pastry,15,14,1,▲,17.85
373,La Croix Sparkling Coconut,PC10801,Bev 12 Oz Can,15,14,1,▲,6.15
374,Beer Alesmith Party Tricks IPA Ale Can 16oz,AVR28643,Bev Beer & Wine,13,5,8,▲,129.87
375,Beer Stella Artois Aluminum Can 16oz,AVR24556,Bev Beer & Wine,13,61,-48,▼,129.87
376,Troop Tequila Paloma 200ml,AVR23419,Bev Beer & Wine,13,41,-28,▼,61.75
377,Nemos Carrot Square Cake,PC16525,Pastry,13,24,-11,▼,20.79
378,La Croix Sparkling Orange,PC16270,Bev 12 Oz Can,13,8,5,▲,5.33
379,Starbucks Mocha Double Shot 15oz Cans,AVR23587,Bev Coffee & Tea,12,16,-4,▼,91.75
380,Gold Peak Sweetened Tea 18.5oz,PC16471,Bev Coffee & Tea,12,19,-7,▼,65.75
381,Beer Bud Light 12oz,PC18962,Bev Beer & Wine,12,29,-17,▼,56.4
382,Beer Estrella Jalisco Can 12oz,AVR22398,Bev Beer & Wine,12,26,-14,▼,55.68
383,FR SLB Thai Beef Pinwheels 9oz,AVR26221,Fresh Food,11,36,-25,▼,159.39
384,Beer Budweiser Aluminum Can 16oz,PC10773,Bev Beer & Wine,11,15,-4,▼,88
385,Beers Coors Light 16oz Can,AVR20761,Bev Beer & Wine,11,10,1,▲,87.89
386,Kombucha Pink Lady Apple Can 11.5oz,AVR27768,Bev Other,11,15,-4,▼,74
387,Kind Peanut Butter Dark Chocolate,PC10970,Healthy Bars,11,36,-25,▼,59
388,Solely Fruit Jerky Mango with Chili & Salt 0.8oz,AVR19411,Snack,11,16,-5,▼,58.64
389,Pure Leaf Raspberry Tea - 18.5oz,AVR00150,Bev Coffee & Tea,11,39,-28,▼,58
390,Nutri Grain Strawberry,PC11019,Healthy Bars,11,14,-3,▼,47
391,Disney Aluminum Water Bottle RG Rubiks White,AVR20367,Souvenirs Disney,10,9,1,▲,239.9
392,FTY Teriyaki Chicken With Fried Rice & Broccoli 10oz,AVR26235,Fresh Food,10,21,-11,▼,96.18
393,FR Harvest Chicken Salad with Balsamic Dressing,AVR27341,Fresh Food,10,24,-14,▼,94.46
394,Wine Carolina Reserva Pinot Noir 375mL,AVR17386,Bev Beer & Wine,10,22,-12,▼,80
395,Lip Balm Beeswax Blister 0.15oz,AVR25915,Sundry Items,10,22,-12,▼,63.75
396,Sucker Punch Classic Dill Pickle Chip 3.4oz,AVR25510,Snack,10,12,-2,▼,47.69
397,Mentos Mint,PC10993,Candy Gum & Mints,10,13,-3,▼,40.25
398,"Disney Plush Medium 15"" Goofy",AVR21354,Souvenirs Disney,9,6,3,▲,269.91
399,Disney Key Chain RG Minnie Face Palm,AVR20396,Souvenirs Disney,9,10,-1,▼,89.91
400,Beer Michelob Ultra 16oz Can,AVR28072,Bev Beer & Wine,9,52,-43,▼,80.91
401,Naked Juice Smoothie Mighty Mango 15.2oz,AVR27820,Bev Juice,9,16,-7,▼,78.75
402,Mountain Dew 16oz Can,AVR21366,Bev Other,9,16,-7,▼,51
403,Second Nature Simplicity Medley Trail Mix,PC11055,Nuts,9,8,1,▲,47
404,Mentos Mixed Fruit,PC10992,Candy Gum & Mints,9,28,-19,▼,36
405,Maruchan Beef Cup Soup,PC10987,Hot Food,9,22,-13,▼,36
406,Salsitas Spicy Chips,PC19079,Chips,9,9,0,-,11.07
407,Disney Key Chain RG Get Stitch,AVR20393,Souvenirs Disney,8,15,-7,▼,79.92
408,Disney Key Chain RG Disney Gang,AVR20399,Souvenirs Disney,8,22,-14,▼,79.92
409,Beer Ballast Point Sculpin 16oz Can,AVR23056,Bev Beer & Wine,8,11,-3,▼,79.92
410,Domaine Laurier Brut Methode Champenoise 187ml,AVR26364,Bev Beer & Wine,8,2,6,▲,48
411,Beer Golden Road Mango Cart Can 12oz,AVR23975,Bev Beer & Wine,8,12,-4,▼,48
412,Fritos Chili Cheese Chips,PC10942,Chips,8,6,2,▲,28
413,Dove Hot Chocolate,PC20295,OCS Coffee,8,3,5,▲,22
414,Disney Key Chain RG Mickey Face Palm,AVR20398,Souvenirs Disney,7,12,-5,▼,69.93
415,Sabra Roasted Red Pepper Hummus w/Pretzel 4.56oz,AVR00154,Fresh,7,19,-12,▼,65.93
416,Wine Carolina Reserva Sauvignon Blanc 375mL,PC10841,Bev Beer & Wine,7,2,5,▲,56
417,FTY Cheese Enchilada with Spanish Rice & Beans,AVR27342,Fresh Food,7,15,-8,▼,44.23
418,Mountain Diet Dew 12oz,AVR22952,Bev 12 Oz Can,7,8,-1,▼,42
419,Crush Orange 16oz Can,AVR21368,Bev Other,7,8,-1,▼,38
420,Stacy's Pita Chip Parmesan Garlic 1.5oz,AVR27767,Chips,7,10,-3,▼,37.75
421,Trident Wintergreen,PC16488,Candy Gum & Mints,7,13,-6,▼,5.88
422,Disney Hat Adult RG Mickey Logo Grey Shimmer,AVR20374,Souvenirs Disney,6,18,-12,▼,179.94
423,Wine Allegretto Cello Cabernet Sauvignon 2020,AVR24662,Bev Beer & Wine,6,9,-3,▼,150
424,Beer Miller Lite 16oz Can,AVR23053,Bev Beer & Wine,6,10,-4,▼,47.94
425,Tapatio Ramen Chicken Noodle Soup,PC19048,Hot Food,6,11,-5,▼,17.56
426,Nemos Chocolate Square Cake,PC16526,Pastry,6,13,-7,▼,7.14
427,Disney Fannypack RG Mickey Pack Black,AVR20409,Souvenirs Disney,5,10,-5,▼,129.95
428,Disney Aluminum Water Bottle RG Pop Mick Heads Silver,AVR20365,Souvenirs Disney,5,12,-7,▼,119.95
429,Disney Head Straw Tumbler Mickey,AVR23688,Souvenirs Disney,5,2,3,▲,99.95
430,Angry Orchard Apple Hard Cider 16oz Can,AVR23051,Bev Beer & Wine,5,16,-11,▼,49.95
431,Beer Bud Light Aluminum Can 12oz,AVR22396,Bev Beer & Wine,5,1,4,▲,44.95
432,Wine Carolina Reserva Chardonnay 375mL,PC10838,Bev Beer & Wine,5,22,-17,▼,40
433,Wine Carolina Reserva Cabernet Sauvignon 375mL,AVR17385,Bev Beer & Wine,5,30,-25,▼,40
434,Beer Shock Top Belgian White Bottle 12oz,AVR23799,Bev Beer & Wine,5,11,-6,▼,27.85
435,Bobo's Chocolate Chip Bites Bar 1.3oz,AVR27936,Healthy Bars,5,5,0,-,23.75
436,Beer Michelob Ultra 12oz,PC18972,Bev Beer & Wine,5,45,-40,▼,23.2
437,Hint Strawberry Kiwi Infused Water,AVR15128,Bev Other,5,10,-5,▼,18.87
438,"Disney Plush Extra Large 25"" RG Red Minnie",AVR20377,Souvenirs Disney,4,5,-1,▼,159.96
439,Wine Allegretto Heart of the Vine 2020,AVR24663,Bev Beer & Wine,4,3,1,▲,100
440,"Disney Plush Small 11"" RG Red Minnie",AVR20385,Souvenirs Disney,4,7,-3,▼,99.96
441,Disney Mug RG Mickey Red,AVR20403,Souvenirs Disney,4,5,-1,▼,83.96
442,Lean Cuisine Lasagna with Meat Sauce,PC10980,Frozen Food,4,10,-6,▼,35.96
443,Pepsi Wild Cherry 12oz,AVR22951,Bev 12 Oz Can,4,5,-1,▼,27
444,Second Nature Wholesome Medley,PC11056,Nuts,4,16,-12,▼,16.18
445,Starbucks Verona Flavia,PC20299,OCS Coffee,4,6,-2,▼,13
446,Payday Bar,PC11027,Candy,4,12,-8,▼,7.03
447,Aquafina 16.9oz,PC10724,Bev Water,4,18,-14,▼,2.79
448,Wine Allegretto Heart of the Vibe 2023,AVR23972,Bev Beer & Wine,3,2,1,▲,105
449,Disney Hat Adult RG Baywatch Mickey Beach Sunrise,AVR20373,Souvenirs Disney,3,17,-14,▼,89.97
450,"Disney Plush Medium 15"" RG Red Minnie",AVR20383,Souvenirs Disney,3,8,-5,▼,89.97
451,Disney Hat Adult RG Stitch Collegiate,AVR20369,Souvenirs Disney,3,11,-8,▼,89.97
452,Disney Passport Bag RG Minnie Glam,AVR20406,Souvenirs Disney,3,5,-2,▼,71.97
453,Disney Mug RG Stitch Blue,AVR20402,Souvenirs Disney,3,7,-4,▼,62.97
454,Always Pad with Wings Ultra Thin 22ct,AVR24782,Sundry Items,3,1,2,▲,45
455,Convale Tweezers Carded,PC10905,Sundry Items,3,5,-2,▼,17.75
456,Takis Fuego Hot Nuts 3.2oz,AVR22622,Nuts,3,5,-2,▼,17.5
457,Trojan Ribbed Latex Condoms,AVR17707,Sundry Items,3,9,-6,▼,15.5
458,Starbucks Veranda Blend Flavia,PC20298,OCS Coffee,3,5,-2,▼,9.75
459,Starbucks Pikes Place Flavia,PC20297,OCS Coffee,3,10,-7,▼,9.75
460,Act II Popcorn Butter 2.75oz,PC10849,Snack,3,12,-9,▼,9.25
461,Peace Tea Razzleberry,PC10820,Bev Coffee & Tea,3,1,2,▲,7.2
462,Wine Allegretto Cabernet Sauvignon 2019,AVR23977,Bev Beer & Wine,2,6,-4,▼,70
463,"Disney Plush Small 11"" Donald",AVR21355,Souvenirs Disney,2,10,-8,▼,49.98
464,"Disney Plush Small 11"" RG Mickey",AVR20386,Souvenirs Disney,2,1,1,▲,49.98
465,Disney Passport Bag RG Travelin Mouse,AVR20407,Souvenirs Disney,2,7,-5,▼,47.98
466,Disney Sunglasses RG Black Mickey,AVR19076,Souvenirs Disney,2,2,0,-,45.98
467,Disney Mug RG Donald Blue,AVR21353,Souvenirs Disney,2,4,-2,▼,41.98
468,Disney Head Straw Tumbler Minnie,AVR23689,Souvenirs Disney,2,4,-2,▼,39.98
469,Crush Grape 16oz Can,AVR23585,Bev Other,2,8,-6,▼,13
470,Gold Peak Unsweetened Tea 18.5oz,PC16472,Bev Coffee & Tea,2,3,-1,▼,11
471,Gummi Bears Gummi Factory,PC10948,Candy,2,4,-2,▼,2.85
472,"Disney Plush Extra Large 25"" RG Mickey",AVR20378,Souvenirs Disney,1,4,-3,▼,39.99
473,Disney Crewneck Fleece Mic Kick Across Extra Large,AVR23426,Souvenirs Disney,1,1,0,-,39.99
474,"Disney Plush Medium 15"" RG Mickey",AVR20382,Souvenirs Disney,1,10,-9,▼,29.99
475,"Disney Plush Medium 15"" RG Stitch",AVR20384,Souvenirs Disney,1,8,-7,▼,29.99
476,Anker USB-C to Lightning 10ft Cable,AVR19514,Electronics,1,1,0,-,25.99
477,Disney Aluminum Water Bottle RG Sunset Mickey and Minnie,AVR20368,Souvenirs Disney,1,13,-12,▼,23.99
478,Disney Key Chain RG Standing Mickey,AVR20394,Souvenirs Disney,1,1,0,-,9.99
479,Disney Key Chain RG Disney Logo w/ Character Colors,AVR20400,Souvenirs Disney,1,12,-11,▼,9.99
480,Disney Key Chain RG His,AVR20390,Souvenirs Disney,1,1,0,-,9.99
481,Waiter's Corkscrew,AVR02387,Sundry Items,1,4,-3,▼,7
482,Peace Tea & Lemonade 16oz,AVR25514,Bev Coffee & Tea,1,1,0,-,5
483,Blue Diamond Almonds Roasted Salted,AVR26365,Nuts,1,12,-11,▼,4.75
484,Alterra Froth Real Milk,PC20296,OCS Coffee,1,1,0,-,2.75
485,Alterra Coffee French Vanilla,AVR14658,OCS Coffee,1,5,-4,▼,2.75
486,Peace Tea Georgia Peach,PC10818,Bev Coffee & Tea,1,7,-6,▼,2.4
